produto_pesquisado;titulo_produto;id_vendedor;preco;quantidade;descricao;homologado;plataforma;url
flipper zero;Case / Box / Caixa Para Flipper Zero;3DCOOL;49,99;3;"Descrição

Case feito em ABS

Informar no ato da compra a cor desejada, caso não informe será enviada a cor preta.

Suporta quedas e protege seu FLIPPER, além de ser prático e acomoda outros acessórios.


Itens inclusos:
1 CASE FLIPPER

NÃO ACOMPANHA O FLIPPER.";CANDIDATO;Mercado Livre;https://produto.mercadolivre.com.br/MLB-3229098103-case-box-caixa-para-flipper-zero-_JM#position=13&search_layout=stack&type=item&tracking_id=742de610-dc67-4c36-a505-f20b52841830
flipper zero;Flipper Zero - Pronta Entrega | Estoque No Brasil;LUIZCONDE027;4.750;8;"PRODUTO JÁ NO BRASIL, ENVIO EM 24 HORAS ÚTEIS.

Flipper Zero é uma multi-ferramenta portátil para engenheiros e geeks em um corpo de brinquedo. Adora pesquisar coisas digitais, como protocolos de rádio, Sistemas de controle de acesso, hardware e muito mais. É totalmente de código aberto e personalizável, para que você possa estendê-lo da maneira que quiser.

Características do Flipper Zero:
- Transceptor Sub-GHz-Use como um controle remoto de rádio com muitos protocolos suportados
- NFC-Armazene";CANDIDATO;Mercado Livre;https://produto.mercadolivre.com.br/MLB-3301394606-flipper-zero-pronta-entrega-estoque-no-brasil-_JM#position=1&search_layout=stack&type=item&tracking_id=742de610-dc67-4c36-a505-f20b52841830
flipper zero;Zero Tolerance 0990 20cv Cf Liner Lock Kvt Flipper In Stock;STURM44;2.750,10;1;"Zero Tolerance 0990 Flipper Knife 3.25"" CPM-20CV Stonewashed Drop Point Blade, Carbon Fiber Handles with Steel Overlay

Made in U.S.A.

Disponível em 15 dias...faça sua encomenda antes de comprar!

ZT0990: Model 0990 Folding Knife
Zero Tolerance Knives
Based on the award-winning 0999, the 0990 streamlines this legendary design. Despite its skeletonized structure, this ZT is reliably strong thanks to its steel construction. Other elements pay homage to the original 0999, including an exposed flo";;Mercado Livre;https://produto.mercadolivre.com.br/MLB-1980325200-zero-tolerance-0990-20cv-cf-liner-lock-kvt-flipper-in-stock-_JM#position=10&search_layout=stack&type=item&tracking_id=742de610-dc67-4c36-a505-f20b52841830
flipper zero;Case / Box / Caixa Grande Para Flipper Zero E Devboard;3DCOOL;99,99;3;"Descrição

Case feito em ABS

Informar no ato da compra a cor desejada, caso não informe será enviada a cor preta.

Suporta quedas e protege seu FLIPPER e sua placa Devboard, além de ser prático e acomoda outros acessórios.


Itens inclusos:
1 CASE FLIPPER GRANDE

NÃO ACOMPANHA O FLIPPER.";CANDIDATO;Mercado Livre;https://produto.mercadolivre.com.br/MLB-3191367804-case-box-caixa-grande-para-flipper-zero-e-devboard-_JM#position=5&search_layout=stack&type=item&tracking_id=742de610-dc67-4c36-a505-f20b52841830
flipper zero;Case / Box / Caixa Para Flipper Zero;3DCOOL;49,99;2;"Descrição

Case feito em ABS

Informar no ato da compra a cor desejada, caso não informe será enviada a cor preta.

Suporta quedas e protege seu FLIPPER, além de ser prático e acomoda outros acessórios.


Itens inclusos:
1 CASE FLIPPER

NÃO ACOMPANHA O FLIPPER.";CANDIDATO;Mercado Livre;https://produto.mercadolivre.com.br/MLB-3178507958-case-box-caixa-para-flipper-zero-_JM#position=6&search_layout=stack&type=item&tracking_id=742de610-dc67-4c36-a505-f20b52841830
flipper zero;Canivete Zero Tolerance Zt-0707 Cf/ti Handle Cpm-20cv Steel;EDC_IMPORT;3.924,40;1;"Atuamos no segmento de cutelaria e equipamentos para atividades ao ar livre, oferecendo produtos exclusivos de alta qualidade, e mantendo um ótimo serviço de atendimento ao cliente, enviando de forma eficaz e segura para todo Brasil.

Zero Tolerance Knives
Finding the perfect balance between big and small, the 0707 offers something for everyone with its premium looks and cutting performance. Its sleek profile is comfortable in the hand, while also keeping a low profile in the pocket. Yet its 3.5";;Mercado Livre;https://produto.mercadolivre.com.br/MLB-2112043901-canivete-zero-tolerance-zt-0707-cfti-handle-cpm-20cv-steel-_JM#position=7&search_layout=stack&type=item&tracking_id=742de610-dc67-4c36-a505-f20b52841830
flipper zero;Canivete Zero Tolerance Zt 0452cf Cf/ti Handles S35vn Blade;EDC_IMPORT;4.974,40;2;"Zero Tolerance Knives
The original Zero Tolerance 0454 was an award-winning collaboration between ZT and custom knife designer Dmitry Sinkevich. But it was also a very Limited Edition knife.

To make this amazing knife more readily available, ZT has created a new-for-2015 version based on the originals streamlined form and high-performance function. The 0452CF is the same size as the original 0454, but with a carbon fiber front scale and S35VN dual-finished blade. S35VN sharpens to a razor edge";;Mercado Livre;https://produto.mercadolivre.com.br/MLB-3024087239-canivete-zero-tolerance-zt-0452cf-cfti-handles-s35vn-blade-_JM#position=8&search_layout=stack&type=item&tracking_id=742de610-dc67-4c36-a505-f20b52841830
flipper zero;Canivete Zero Tolerance Zt-0707 Cf/ti Handle Cpm-20cv Steel;EDC_IMPORT;3.704,02;1;"Atuamos no segmento de cutelaria e equipamentos para atividades ao ar livre, oferecendo produtos exclusivos de alta qualidade, e mantendo um ótimo serviço de atendimento ao cliente, enviando de forma eficaz e segura para todo Brasil.

Zero Tolerance Knives
Finding the perfect balance between big and small, the 0707 offers something for everyone with its premium looks and cutting performance. Its sleek profile is comfortable in the hand, while also keeping a low profile in the pocket. Yet its 3.5";;Mercado Livre;https://produto.mercadolivre.com.br/MLB-2112050396-canivete-zero-tolerance-zt-0707-cfti-handle-cpm-20cv-steel-_JM#position=14&search_layout=stack&type=item&tracking_id=742de610-dc67-4c36-a505-f20b52841830
flipper zero;3 Unidades Flipper Zero - Pronta Entrega | Estoque No Brasil;LUIZCONDE027;12.000,40;1;"Anúncio referente a 3 unidades.
PRODUTO JÁ NO BRASIL, ENVIO EM 24 HORAS ÚTEIS.

Flipper Zero é uma multi-ferramenta portátil para engenheiros e geeks em um corpo de brinquedo. Adora pesquisar coisas digitais, como protocolos de rádio, Sistemas de controle de acesso, hardware e muito mais. É totalmente de código aberto e personalizável, para que você possa estendê-lo da maneira que quiser.

Características do Flipper Zero:
- Transceptor Sub-GHz-Use como um controle remoto de rádio com muitos prot";CANDIDATO;Mercado Livre;https://produto.mercadolivre.com.br/MLB-3298741623-3-unidades-flipper-zero-pronta-entrega-estoque-no-brasil-_JM#position=3&search_layout=stack&type=item&tracking_id=742de610-dc67-4c36-a505-f20b52841830
flipper zero;Flipper Zero - Case De Silicone - Original;RENERLEMESS;500;1;"*** PRODUTO A PRONTA ENTREGA ***

*** NÃO É O FLIPPER ZERO ***

Case de silicone original para Flipper Zero";CANDIDATO;Mercado Livre;https://produto.mercadolivre.com.br/MLB-3315422262-flipper-zero-case-de-silicone-original-_JM#position=2&search_layout=stack&type=item&tracking_id=742de610-dc67-4c36-a505-f20b52841830
flipper zero;Case / Box / Caixa Grande Para Flipper Zero E Devboard;3DCOOL;99,62;3;"Descrição

Case feito em ABS

Informar no ato da compra a cor desejada, caso não informe será enviada a cor preta.

Suporta quedas e protege seu FLIPPER e sua placa Devboard, além de ser prático e acomoda outros acessórios.


Itens inclusos:
1 CASE FLIPPER GRANDE

NÃO ACOMPANHA O FLIPPER.";CANDIDATO;Mercado Livre;https://produto.mercadolivre.com.br/MLB-3229129589-case-box-caixa-grande-para-flipper-zero-e-devboard-_JM#position=12&search_layout=stack&type=item&tracking_id=742de610-dc67-4c36-a505-f20b52841830
flipper zero;Case Flipper Zero;3D+ARTEDECOR;250,25;4;"Case para flipper zero impresso em 3D material pla, cores disponíveis branco e preto.
Enviamos com no máximo 2 dias após a compra.";;Mercado Livre;https://produto.mercadolivre.com.br/MLB-3147927341-case-flipper-zero-_JM#position=4&search_layout=stack&type=item&tracking_id=742de610-dc67-4c36-a505-f20b52841830
flipper zero;Canivete Zero Tolerance Zt-0562 Hinderer Frame Lock G10 Usa;EDC_IMPORT;1.880,20;1;"Descrição
Atuamos no segmento de cutelaria e equipamentos para atividades ao ar livre, oferecendo produtos exclusivos de alta qualidade, e mantendo um ótimo serviço de atendimento ao cliente, enviando de forma eficaz e segura para todo Brasil.

FEATURES + DETAILS

Type Manual, Folder
Use Everyday, Work, Tactical
Style Pocketknife
Designer Rick Hinderer
Blade Style Drop Point
Blade Edge Plain
Opening Action Manual KVT ball bearings
Opens With Flipper
Lock Type frame lock, lockbar stabilizer
Pocke";;Mercado Livre;https://produto.mercadolivre.com.br/MLB-1891031828-canivete-zero-tolerance-zt-0562-hinderer-frame-lock-g10-usa-_JM#position=9&search_layout=stack&type=item&tracking_id=742de610-dc67-4c36-a505-f20b52841830
flipper zero;Flipper Zero - Pronta Entrega | Estoque No Brasil;LUIZCONDE027;4.550,33;3;"PRODUTO JÁ NO BRASIL, ENVIO EM 24 HORAS ÚTEIS.

Flipper Zero é uma multi-ferramenta portátil para engenheiros e geeks em um corpo de brinquedo. Adora pesquisar coisas digitais, como protocolos de rádio, Sistemas de controle de acesso, hardware e muito mais. É totalmente de código aberto e personalizável, para que você possa estendê-lo da maneira que quiser.

Características do Flipper Zero:
- Transceptor Sub-GHz-Use como um controle remoto de rádio com muitos protocolos suportados
- NFC-Armazene";CANDIDATO;Mercado Livre;https://produto.mercadolivre.com.br/MLB-3527059132-flipper-zero-pronta-entrega-estoque-no-brasil-_JM#position=11&search_layout=stack&type=item&tracking_id=742de610-dc67-4c36-a505-f20b52841830
